{
  "LogisticRegression": {
    "accuracy": 0.8688524590163934,
    "precision": 0.8125,
    "recall": 0.9285714285714286,
    "f1": 0.8666666666666667,
    "auc": 0.9632034632034633
  },
  "DecisionTree": {
    "accuracy": 0.7377049180327869,
    "precision": 0.7,
    "recall": 0.75,
    "f1": 0.7241379310344828,
    "auc": 0.7386363636363636
  },
  "RandomForest": {
    "accuracy": 0.8688524590163934,
    "precision": 0.8125,
    "recall": 0.9285714285714286,
    "f1": 0.8666666666666667,
    "auc": 0.9356060606060606
  },
  "SVM": {
    "accuracy": 0.9344262295081968,
    "precision": 0.9,
    "recall": 0.9642857142857143,
    "f1": 0.9310344827586207,
    "auc": 0.9642857142857143
  }
}